name,o,n,c,h,s,na,ar,z,hf298,gf298,sf298,citation
CO2,2,0,1,0,0,0,0,0,-393.51,-394.4,213.79,"NeqSim master (f0c7436) GibbsReactDatabase.csv + DatabaseGibbsFreeEnergyCoeff.csv (Equinor/NTNU), Apache-2.0, retrieved 2026-09-21"
CO,1,0,1,0,0,0,0,0,-110.53,-137.2,197.66,"NeqSim master (f0c7436) GibbsReactDatabase.csv + DatabaseGibbsFreeEnergyCoeff.csv (Equinor/NTNU), Apache-2.0, retrieved 2026-09-21"
water,1,0,0,2,0,0,0,0,-241.83,-228.6,188.83,"NeqSim master (f0c7436) GibbsReactDatabase.csv + DatabaseGibbsFreeEnergyCoeff.csv (Equinor/NTNU), Apache-2.0, retrieved 2026-09-21"
hydrogen,0,0,0,2,0,0,0,0,0.0,0.0,130.68,"NeqSim master (f0c7436) GibbsReactDatabase.csv + DatabaseGibbsFreeEnergyCoeff.csv (Equinor/NTNU), Apache-2.0, retrieved 2026-09-21"
oxygen,2,0,0,0,0,0,0,0,0.0,0.0,205.15,"NeqSim master (f0c7436) GibbsReactDatabase.csv + DatabaseGibbsFreeEnergyCoeff.csv (Equinor/NTNU), Apache-2.0, retrieved 2026-09-21"
NO2,2,1,0,0,0,0,0,0,33.1,51.3,240.06,"NeqSim master (f0c7436) GibbsReactDatabase.csv + DatabaseGibbsFreeEnergyCoeff.csv (Equinor/NTNU), Apache-2.0, retrieved 2026-09-21"
N2O4,4,2,0,0,0,0,0,0,9.079,97.787,304.376,"NeqSim master (f0c7436) GibbsReactDatabase.csv + DatabaseGibbsFreeEnergyCoeff.csv (Equinor/NTNU), Apache-2.0, retrieved 2026-09-21"
nitrogen,0,2,0,0,0,0,0,0,0.0,0.0,191.61,"NeqSim master (f0c7436) GibbsReactDatabase.csv + DatabaseGibbsFreeEnergyCoeff.csv (Equinor/NTNU), Apache-2.0, retrieved 2026-09-21"
ammonia,0,1,0,3,0,0,0,0,-45.94,-16.4,192.45,"NeqSim master (f0c7436) GibbsReactDatabase.csv + DatabaseGibbsFreeEnergyCoeff.csv (Equinor/NTNU), Apache-2.0, retrieved 2026-09-21"
S8,0,0,0,0,8,0,0,0,100.42,48.17,430.31,"NeqSim master (f0c7436) GibbsReactDatabase.csv + DatabaseGibbsFreeEnergyCoeff.csv (Equinor/NTNU), Apache-2.0, retrieved 2026-09-21"
SO2,2,0,0,0,1,0,0,0,-296.83,-300.13,248.11,"NeqSim master (f0c7436) GibbsReactDatabase.csv + DatabaseGibbsFreeEnergyCoeff.csv (Equinor/NTNU), Apache-2.0, retrieved 2026-09-21"
H2S,0,0,0,2,1,0,0,0,-20.6,-33.4,205.79,"NeqSim master (f0c7436) GibbsReactDatabase.csv + DatabaseGibbsFreeEnergyCoeff.csv (Equinor/NTNU), Apache-2.0, retrieved 2026-09-21"
nitric acid,3,1,0,1,0,0,0,0,-135.1,-74.7,146.4,"NeqSim master (f0c7436) GibbsReactDatabase.csv + DatabaseGibbsFreeEnergyCoeff.csv (Equinor/NTNU), Apache-2.0, retrieved 2026-09-21"
sulfuric acid,4,0,0,2,1,0,0,0,-735.4,-644.5,151.0,"NeqSim master (f0c7436) GibbsReactDatabase.csv + DatabaseGibbsFreeEnergyCoeff.csv (Equinor/NTNU), Apache-2.0, retrieved 2026-09-21"
formic acid,2,0,1,2,0,0,0,0,-378.6,-351.0,131.7,"NeqSim master (f0c7436) GibbsReactDatabase.csv + DatabaseGibbsFreeEnergyCoeff.csv (Equinor/NTNU), Apache-2.0, retrieved 2026-09-21"
acetic acid,2,0,2,4,0,0,0,0,-432.2,-374.2,159.8,"NeqSim master (f0c7436) GibbsReactDatabase.csv + DatabaseGibbsFreeEnergyCoeff.csv (Equinor/NTNU), Apache-2.0, retrieved 2026-09-21"
MEG,2,0,2,6,0,0,0,0,-390.1,-300.5,160.0,"NeqSim master (f0c7436) GibbsReactDatabase.csv + DatabaseGibbsFreeEnergyCoeff.csv (Equinor/NTNU), Apache-2.0, retrieved 2026-09-21"
DEG,3,0,4,10,0,0,0,0,-529.7,-381.2,338.9,"NeqSim master (f0c7436) GibbsReactDatabase.csv + DatabaseGibbsFreeEnergyCoeff.csv (Equinor/NTNU), Apache-2.0, retrieved 2026-09-21"
TEG,4,0,6,14,0,0,0,0,-668.6,-463.4,269.8,"NeqSim master (f0c7436) GibbsReactDatabase.csv + DatabaseGibbsFreeEnergyCoeff.csv (Equinor/NTNU), Apache-2.0, retrieved 2026-09-21"
MEA,1,1,2,7,0,0,0,0,-231.8,-101.9,215.1,"NeqSim master (f0c7436) GibbsReactDatabase.csv + DatabaseGibbsFreeEnergyCoeff.csv (Equinor/NTNU), Apache-2.0, retrieved 2026-09-21"
DEA,2,1,4,11,0,0,0,0,-421.3,-233.1,321.3,"NeqSim master (f0c7436) GibbsReactDatabase.csv + DatabaseGibbsFreeEnergyCoeff.csv (Equinor/NTNU), Apache-2.0, retrieved 2026-09-21"
MDEA,2,1,5,13,0,0,0,0,-426.5,-210.6,390.8,"NeqSim master (f0c7436) GibbsReactDatabase.csv + DatabaseGibbsFreeEnergyCoeff.csv (Equinor/NTNU), Apache-2.0, retrieved 2026-09-21"
methane,0,0,1,4,0,0,0,0,-74.87,-50.45,186.26,"NeqSim master (f0c7436) GibbsReactDatabase.csv + DatabaseGibbsFreeEnergyCoeff.csv (Equinor/NTNU), Apache-2.0, retrieved 2026-09-21"
ethane,0,0,2,6,0,0,0,0,-84.0,-32.0,229.6,"NeqSim master (f0c7436) GibbsReactDatabase.csv + DatabaseGibbsFreeEnergyCoeff.csv (Equinor/NTNU), Apache-2.0, retrieved 2026-09-21"
propane,0,0,3,8,0,0,0,0,-103.8,-23.4,269.9,"NeqSim master (f0c7436) GibbsReactDatabase.csv + DatabaseGibbsFreeEnergyCoeff.csv (Equinor/NTNU), Apache-2.0, retrieved 2026-09-21"
n-butane,0,0,4,10,0,0,0,0,-125.6,-15.8,310.2,"NeqSim master (f0c7436) GibbsReactDatabase.csv + DatabaseGibbsFreeEnergyCoeff.csv (Equinor/NTNU), Apache-2.0, retrieved 2026-09-21"
i-butane,0,0,4,10,0,0,0,0,-134.2,-20.8,294.6,"NeqSim master (f0c7436) GibbsReactDatabase.csv + DatabaseGibbsFreeEnergyCoeff.csv (Equinor/NTNU), Apache-2.0, retrieved 2026-09-21"
n-pentane,0,0,5,12,0,0,0,0,-146.2,-8.1,348.9,"NeqSim master (f0c7436) GibbsReactDatabase.csv + DatabaseGibbsFreeEnergyCoeff.csv (Equinor/NTNU), Apache-2.0, retrieved 2026-09-21"
i-pentane,0,0,5,12,0,0,0,0,-153.7,-13.0,344.2,"NeqSim master (f0c7436) GibbsReactDatabase.csv + DatabaseGibbsFreeEnergyCoeff.csv (Equinor/NTNU), Apache-2.0, retrieved 2026-09-21"
ethylene,0,0,2,4,0,0,0,0,52.5,68.4,219.56,"NeqSim master (f0c7436) GibbsReactDatabase.csv + DatabaseGibbsFreeEnergyCoeff.csv (Equinor/NTNU), Apache-2.0, retrieved 2026-09-21"
methanol,1,0,1,4,0,0,0,0,-201.0,-162.3,126.8,"NeqSim master (f0c7436) GibbsReactDatabase.csv + DatabaseGibbsFreeEnergyCoeff.csv (Equinor/NTNU), Apache-2.0, retrieved 2026-09-21"
ethanol,1,0,2,6,0,0,0,0,-235.0,-168.2,160.7,"NeqSim master (f0c7436) GibbsReactDatabase.csv + DatabaseGibbsFreeEnergyCoeff.csv (Equinor/NTNU), Apache-2.0, retrieved 2026-09-21"
benzene,0,0,6,6,0,0,0,0,82.9,129.7,173.4,"NeqSim master (f0c7436) GibbsReactDatabase.csv + DatabaseGibbsFreeEnergyCoeff.csv (Equinor/NTNU), Apache-2.0, retrieved 2026-09-21"
toluene,0,0,7,8,0,0,0,0,50.1,112.5,219.5,"NeqSim master (f0c7436) GibbsReactDatabase.csv + DatabaseGibbsFreeEnergyCoeff.csv (Equinor/NTNU), Apache-2.0, retrieved 2026-09-21"
o-Xylene,0,0,8,10,0,0,0,0,19.0,121.2,247.3,"NeqSim master (f0c7436) GibbsReactDatabase.csv + DatabaseGibbsFreeEnergyCoeff.csv (Equinor/NTNU), Apache-2.0, retrieved 2026-09-21"
COS,1,0,1,0,1,0,0,0,-138.407,-165.65,231.57,"NeqSim master (f0c7436) GibbsReactDatabase.csv + DatabaseGibbsFreeEnergyCoeff.csv (Equinor/NTNU), Apache-2.0, retrieved 2026-09-21"
argon,0,0,0,0,0,1,0,0,0.0,0.0,154.85,"NeqSim master (f0c7436) GibbsReactDatabase.csv + DatabaseGibbsFreeEnergyCoeff.csv (Equinor/NTNU), Apache-2.0, retrieved 2026-09-21"
H3O+,1,0,0,3,0,0,0,1,0.0,0.0,0.0,"NeqSim master (f0c7436) GibbsReactDatabase.csv + DatabaseGibbsFreeEnergyCoeff.csv (Equinor/NTNU), Apache-2.0, retrieved 2026-09-21"
H+,0,0,0,1,0,0,0,1,0.0,0.0,0.0,"NeqSim master (f0c7436) GibbsReactDatabase.csv + DatabaseGibbsFreeEnergyCoeff.csv (Equinor/NTNU), Apache-2.0, retrieved 2026-09-21"
OH-,1,0,0,1,0,0,0,-1,-229.0,-157.0,-10.9,"NeqSim master (f0c7436) GibbsReactDatabase.csv + DatabaseGibbsFreeEnergyCoeff.csv (Equinor/NTNU), Apache-2.0, retrieved 2026-09-21"
SO4--,4,0,0,0,1,0,0,-2,-909.08,-744.3,17.0,"NeqSim master (f0c7436) GibbsReactDatabase.csv + DatabaseGibbsFreeEnergyCoeff.csv (Equinor/NTNU), Apache-2.0, retrieved 2026-09-21"
NO3-,3,1,0,0,0,0,0,-1,-206.6,-108.74,0.0,"NeqSim master (f0c7436) GibbsReactDatabase.csv + DatabaseGibbsFreeEnergyCoeff.csv (Equinor/NTNU), Apache-2.0, retrieved 2026-09-21"
NH4+,0,1,0,4,0,0,0,1,-132.5,-79.31,113.4,"NeqSim master (f0c7436) GibbsReactDatabase.csv + DatabaseGibbsFreeEnergyCoeff.csv (Equinor/NTNU), Apache-2.0, retrieved 2026-09-21"
NaNO2,2,1,0,0,0,1,0,0,-360.6,-365.1,0.0,"NeqSim master (f0c7436) GibbsReactDatabase.csv + DatabaseGibbsFreeEnergyCoeff.csv (Equinor/NTNU), Apache-2.0, retrieved 2026-09-21"
NH2SO3H,3,1,0,3,1,0,0,0,-480.0,-372.0,0.0,"NeqSim master (f0c7436) GibbsReactDatabase.csv + DatabaseGibbsFreeEnergyCoeff.csv (Equinor/NTNU), Apache-2.0, retrieved 2026-09-21"
NH2SO3-,3,1,0,2,1,0,0,-1,-552.0,-420.0,0.0,"NeqSim master (f0c7436) GibbsReactDatabase.csv + DatabaseGibbsFreeEnergyCoeff.csv (Equinor/NTNU), Apache-2.0, retrieved 2026-09-21"
Na+,0,0,0,0,0,1,0,1,0.0,0.0,0.0,"NeqSim master (f0c7436) GibbsReactDatabase.csv + DatabaseGibbsFreeEnergyCoeff.csv (Equinor/NTNU), Apache-2.0, retrieved 2026-09-21"
NO2-,2,1,0,0,0,0,0,-1,-104.6,-37.3,0.0,"NeqSim master (f0c7436) GibbsReactDatabase.csv + DatabaseGibbsFreeEnergyCoeff.csv (Equinor/NTNU), Apache-2.0, retrieved 2026-09-21"
H2O2,2,0,0,2,0,0,0,0,-136.1,-105.6,0.0,"NeqSim master (f0c7436) GibbsReactDatabase.csv + DatabaseGibbsFreeEnergyCoeff.csv (Equinor/NTNU), Apache-2.0, retrieved 2026-09-21"
