carbon_number,molar_mass_g_per_mol,density_g_per_cm3
6,86.1780014038086,0.663999915122986
7,96.0,0.737999975681305
8,107.0,0.764999985694885
9,121.0,0.781000018119812
10,134.0,0.791999995708466
11,147.0,0.796000003814697
12,161.0,0.810000002384186
13,175.0,0.824999988079071
14,190.0,0.836000025272369
15,206.0,0.842000007629395
16,222.0,0.848999977111816
17,237.0,0.845000028610229
18,251.0,0.84799998998642
19,263.0,0.857999980449677
20,275.0,0.862999975681305
21,291.0,0.867999970912933
22,305.0,0.873000025749207
23,318.0,0.876999974250793
24,331.0,0.880999982357025
25,345.0,0.884999990463257
26,359.0,0.888999998569489
27,374.0,0.89300000667572
28,388.0,0.897000014781952
29,402.0,0.899999976158142
30,416.0,0.902999997138977
31,430.0,0.907000005245209
32,444.0,0.910000026226044
33,458.0,0.912999987602234
34,472.0,0.916000008583069
35,486.0,0.919000029563904
36,500.0,0.921999990940094
37,514.0,0.924000024795532
38,528.0,0.926999986171722
39,542.0,0.930000007152557
40,556.0,0.931999981403351
41,570.0,0.935000002384186
42,584.0,0.936999976634979
43,598.0,0.939000010490417
44,612.0,0.941999971866608
45,626.0,0.944000005722046
46,640.0,0.945999979972839
47,654.0,0.948000013828278
48,668.0,0.949999988079071
49,682.0,0.952000021934509
50,696.0,0.953999996185303
51,710.0,0.955999970436096
52,724.0,0.958000004291534
53,738.0,0.959999978542328
54,752.0,0.962000012397766
55,766.0,0.96399998664856
56,780.0,0.966000020503998
57,794.0,0.967000007629395
58,808.0,0.968999981880188
59,822.0,0.971000015735626
60,836.0,0.972000002861023
61,850.0,0.973999977111816
62,864.0,0.976000010967255
63,878.0,0.976999998092651
64,892.0,0.978999972343445
65,906.0,0.980000019073486
66,920.0,0.98199999332428
67,934.0,0.982999980449677
68,948.0,0.985000014305115
69,962.0,0.986000001430511
70,976.0,0.987999975681305
71,990.0,0.989000022411346
72,1004.0,0.99099999666214
73,1018.0,0.991999983787537
74,1032.0,0.992999970912933
75,1046.0,0.995000004768372
76,1060.0,0.995999991893768
77,1074.0,0.996999979019165
78,1088.0,0.999000012874603
79,1102.0,1.0
80,1116.0,1.00100004673004
81,1130.0,
82,1144.0,
83,1158.0,
84,1172.0,
85,1186.0,
86,1200.0,
87,1214.0,
88,1228.0,
89,1242.0,
90,1256.0,
91,1270.0,
92,1284.0,
93,1298.0,
94,1312.0,
95,1326.0,
96,1340.0,
97,1354.0,
98,1368.0,
99,1382.0,
100,1396.0,
101,1410.0,
102,1424.0,
103,1438.0,
104,1452.0,
105,1466.0,
106,1480.0,
107,1494.0,
108,1508.0,
109,1522.0,
110,1536.0,
111,1550.0,
112,1564.0,
113,1578.0,
114,1592.0,
115,1606.0,
116,1620.0,
117,1634.0,
118,1648.0,
119,1662.0,
120,1676.0,
121,1690.0,
122,1704.0,
123,1718.0,
124,1732.0,
125,1746.0,
126,1760.0,
127,1774.0,
128,1788.0,
129,1802.0,
130,1816.0,
131,1830.0,
132,1844.0,
133,1858.0,
134,1872.0,
135,1886.0,
136,1900.0,
137,1914.0,
138,1928.0,
139,1942.0,
140,1956.0,
141,1970.0,
142,1984.0,
143,1998.0,
144,2012.0,
145,2026.0,
146,2040.0,
147,2054.0,
148,2068.0,
149,2082.0,
150,2096.0,
151,2110.0,
152,2124.0,
153,2138.0,
154,2152.0,
155,2166.0,
156,2180.0,
157,2194.0,
158,2208.0,
159,2222.0,
160,2236.0,
161,2250.0,
162,2264.0,
163,2278.0,
164,2292.0,
165,2306.0,
166,2320.0,
167,2334.0,
168,2348.0,
169,2362.0,
170,2376.0,
171,2390.0,
172,2404.0,
173,2418.0,
174,2432.0,
175,2446.0,
176,2460.0,
177,2474.0,
178,2488.0,
179,2502.0,
180,2516.0,
181,2530.0,
182,2544.0,
183,2558.0,
184,2572.0,
185,2586.0,
186,2600.0,
187,2614.0,
188,2628.0,
189,2642.0,
190,2656.0,
191,2670.0,
192,2684.0,
193,2698.0,
194,2712.0,
195,2726.0,
196,2740.0,
197,2754.0,
198,2768.0,
199,2782.0,
200,2796.0,
