name,cas,formula,molar_mass_kg_per_mol,tc_k,pc_pa,acentric_factor,critical_volume_m3_per_mol,liquid_density_kg_per_m3,citation
methane,74-82-8,CH4,0.016042999999999998,190.55999999999997,4599000.0,0.0115,9.9e-05,422.182073,"NeqSim v3.20.0 COMP.csv (Equinor/NTNU), Apache-2.0, retrieved 2026-09-13"
ethane,74-84-0,C2H6,0.03007,305.32,4872000.0,0.0995,0.000148,544.459352,"NeqSim v3.20.0 COMP.csv (Equinor/NTNU), Apache-2.0, retrieved 2026-09-13"
mdea,105-59-9,C5H13NO2,0.1191632,677.0,3876000.0,1.242,9.9e-05,1038.0,"NeqSim v3.20.0 COMP.csv (Equinor/NTNU), Apache-2.0, retrieved 2026-09-13"
propane,74-98-6,C3H8,0.044097000000000004,369.83,4248000.0,0.1523,0.000203,0.0,"NeqSim v3.20.0 COMP.csv (Equinor/NTNU), Apache-2.0, retrieved 2026-09-13"
co2,124-38-9,CO2,0.04401,304.19,7381500.0,0.2276,9.4e-05,1100.0,"NeqSim v3.20.0 COMP.csv (Equinor/NTNU), Apache-2.0, retrieved 2026-09-13"
methanol,67-56-1,CH4O,0.032042,512.64,8095999.999999999,0.559,9.9e-05,797.0,"NeqSim v3.20.0 COMP.csv (Equinor/NTNU), Apache-2.0, retrieved 2026-09-13"
meg,107-21-1,C2H6O2,0.062069,720.0,9000000.0,0.5347,0.000186,1117.0,"NeqSim v3.20.0 COMP.csv (Equinor/NTNU), Apache-2.0, retrieved 2026-09-13"
oxygen,7782-44-7,O2,0.031999,154.59999999999997,5046000.0,0.021,7.340000000000001e-05,0.0,"NeqSim v3.20.0 COMP.csv (Equinor/NTNU), Apache-2.0, retrieved 2026-09-13"
teg,112-27-6,C6H14O4,0.150175,769.5,3313000.0000000005,1.2874,0.00045,1127.0,"NeqSim v3.20.0 COMP.csv (Equinor/NTNU), Apache-2.0, retrieved 2026-09-13"
deg,111-46-6,C4H10O3,0.106122,744.5999999999999,4661000.0,1.2011,0.000316,1119.0,"NeqSim v3.20.0 COMP.csv (Equinor/NTNU), Apache-2.0, retrieved 2026-09-13"
nitrogen,7727-37-9,N2,0.0280135,126.09999999999997,3394400.0000000005,0.0403,8.979999999999999e-05,807.96486,"NeqSim v3.20.0 COMP.csv (Equinor/NTNU), Apache-2.0, retrieved 2026-09-13"
n-butane,106-97-8,C4H10,0.058122999999999994,425.12,3796000.0,0.2002,0.00025499999999999996,0.0,"NeqSim v3.20.0 COMP.csv (Equinor/NTNU), Apache-2.0, retrieved 2026-09-13"
n-pentane,109-66-0,nC5,0.07215,469.7,3370000.0000000005,0.2515,0.00030399999999999996,626.1999999999999,"NeqSim v3.20.0 COMP.csv (Equinor/NTNU), Apache-2.0, retrieved 2026-09-13"
n-hexane,110-54-3,C6H14,0.086177,507.59999999999997,3025000.0,0.3013,0.00037,664.0,"NeqSim v3.20.0 COMP.csv (Equinor/NTNU), Apache-2.0, retrieved 2026-09-13"
benzene,71-43-2,C6H6,0.078114,562.16,4898000.0,0.2108,0.000259,886.0,"NeqSim v3.20.0 COMP.csv (Equinor/NTNU), Apache-2.0, retrieved 2026-09-13"
toluene,108-88-3,C7H8,0.092141,591.79,4108600.0,0.2641,0.000316,871.0,"NeqSim v3.20.0 COMP.csv (Equinor/NTNU), Apache-2.0, retrieved 2026-09-13"
n-heptane,142-82-5,C7H16,0.100205,540.2,2740000.0,0.3495,0.000432,690.0,"NeqSim v3.20.0 COMP.csv (Equinor/NTNU), Apache-2.0, retrieved 2026-09-13"
n-octane,111-65-9,C8H18,0.114232,568.7,2490000.0,0.3996,0.0004919999999999999,708.0,"NeqSim v3.20.0 COMP.csv (Equinor/NTNU), Apache-2.0, retrieved 2026-09-13"
nc10,124-18-5,C10H22,0.142285,617.7,2110000.0,0.4923,0.000603,734.0,"NeqSim v3.20.0 COMP.csv (Equinor/NTNU), Apache-2.0, retrieved 2026-09-13"
n-nonane,111-84-2,C9H20,0.128258,595.65,2305600.0,0.4377,0.000548,722.0,"NeqSim v3.20.0 COMP.csv (Equinor/NTNU), Apache-2.0, retrieved 2026-09-13"
hydrogen,1333-74-0,hydrogen,0.002016,33.19999999999999,1297000.0,-0.22,6.5e-05,0.0,"NeqSim v3.20.0 COMP.csv (Equinor/NTNU), Apache-2.0, retrieved 2026-09-13"
argon,7440-37-1,argon,0.039948,150.79999999999998,4874000.0,-0.004,7.49e-05,0.0,"NeqSim v3.20.0 COMP.csv (Equinor/NTNU), Apache-2.0, retrieved 2026-09-13"
i-butane,75-28-5,C4H10,0.058122999999999994,408.14,3647999.9999999995,0.177,0.000263,0.0,"NeqSim v3.20.0 COMP.csv (Equinor/NTNU), Apache-2.0, retrieved 2026-09-13"
c-propane,75-19-4,C3H6,0.042081,397.79999999999995,5492000.0,0.264,0.00016999999999999999,0.0,"NeqSim v3.20.0 COMP.csv (Equinor/NTNU), Apache-2.0, retrieved 2026-09-13"
nc11,1120-21-4,C11H24,0.15630000000000002,639.0,1950000.0,0.5303,0.00066,743.1999999999999,"NeqSim v3.20.0 COMP.csv (Equinor/NTNU), Apache-2.0, retrieved 2026-09-13"
nc12,112-40-3,C12H26,0.1703,658.0,1820000.0,0.5764,0.00071300002079,751.3,"NeqSim v3.20.0 COMP.csv (Equinor/NTNU), Apache-2.0, retrieved 2026-09-13"
nc13,629-50-5,C13H28,0.1844,675.0,1680000.0,0.6174,0.00078,758.0,"NeqSim v3.20.0 COMP.csv (Equinor/NTNU), Apache-2.0, retrieved 2026-09-13"
nc14,629-59-4,C14H30,0.1984,693.0,1570000.0,0.643,0.00083,763.9,"NeqSim v3.20.0 COMP.csv (Equinor/NTNU), Apache-2.0, retrieved 2026-09-13"
nc15,629-62-9,C15H32,0.2124,708.0,1480000.0,0.6863,0.0008799999999999999,769.1,"NeqSim v3.20.0 COMP.csv (Equinor/NTNU), Apache-2.0, retrieved 2026-09-13"
nc16,544-76-3,C16H34,0.22640000000000002,717.0,1419000.0,0.742,0.0009199999999999999,773.8000000000001,"NeqSim v3.20.0 COMP.csv (Equinor/NTNU), Apache-2.0, retrieved 2026-09-13"
nc17,629-78-7,C17H36,0.24047,735.5,1363000.0,0.6572,0.001,778.0,"NeqSim v3.20.0 COMP.csv (Equinor/NTNU), Apache-2.0, retrieved 2026-09-13"
nc18,593-45-3,C18H38,0.2545,747.0,1270000.0,0.811,0.0010299999999999999,781.9000000000001,"NeqSim v3.20.0 COMP.csv (Equinor/NTNU), Apache-2.0, retrieved 2026-09-13"
nc19,629-92-5,C19H40,0.268,760.0999999999999,1247000.0,0.7073,0.001085,785.4,"NeqSim v3.20.0 COMP.csv (Equinor/NTNU), Apache-2.0, retrieved 2026-09-13"
nc20,112-95-8,C20H42,0.2826,767.0,1115000.0,0.907,0.00114,788.1,"NeqSim v3.20.0 COMP.csv (Equinor/NTNU), Apache-2.0, retrieved 2026-09-13"
nc21,629-94-7,C21H44,0.296582,779.5999999999999,1074000.0,0.861,0.0011949999999999999,791.1,"NeqSim v3.20.0 COMP.csv (Equinor/NTNU), Apache-2.0, retrieved 2026-09-13"
nc22,629-97-0,C22H46,0.31,792.1999999999999,1116000.0,0.777,0.00125,793.6999999999999,"NeqSim v3.20.0 COMP.csv (Equinor/NTNU), Apache-2.0, retrieved 2026-09-13"
nc23,638-67-5,C23H48,0.32463600000000004,801.9,1082000.0,0.799,0.001305,796.1,"NeqSim v3.20.0 COMP.csv (Equinor/NTNU), Apache-2.0, retrieved 2026-09-13"
nc24,646-31-1,C24H50,0.33866199999999996,806.3,932000.0,0.95,0.0013599999999999999,798.4,"NeqSim v3.20.0 COMP.csv (Equinor/NTNU), Apache-2.0, retrieved 2026-09-13"
22-dim-c3,463-82-1,C5H12,0.07215099999999999,433.78,3199200.0,0.1964,0.000303,653.9998999999999,"NeqSim v3.20.0 COMP.csv (Equinor/NTNU), Apache-2.0, retrieved 2026-09-13"
22-dim-c4,75-83-2,C6H14,0.08617799999999999,488.78,3080000.0,0.2339,0.000359,654.0,"NeqSim v3.20.0 COMP.csv (Equinor/NTNU), Apache-2.0, retrieved 2026-09-13"
23-dim-c4,79-29-8,C6H14,0.08617799999999999,499.98,3126800.0,0.2475,0.000358,667.0,"NeqSim v3.20.0 COMP.csv (Equinor/NTNU), Apache-2.0, retrieved 2026-09-13"
2-m-c5,107-83-5,C6H14,0.08617799999999999,497.5,3010200.0,0.2781,0.000367,658.0,"NeqSim v3.20.0 COMP.csv (Equinor/NTNU), Apache-2.0, retrieved 2026-09-13"
3-m-c5,96-14-0,C6H14,0.08617799999999999,504.42999999999995,3124000.0,0.2737,0.000367,669.0,"NeqSim v3.20.0 COMP.csv (Equinor/NTNU), Apache-2.0, retrieved 2026-09-13"
c-c5,287-92-3,C5H10,0.070135,511.76,4502300.0,0.1943,0.00026,669.0,"NeqSim v3.20.0 COMP.csv (Equinor/NTNU), Apache-2.0, retrieved 2026-09-13"
default,0-0-0-0,default,0.016042999999999998,190.56399999999996,4538900.0,0.008,9.9e-05,422.182073,"NeqSim v3.20.0 COMP.csv (Equinor/NTNU), Apache-2.0, retrieved 2026-09-13"
piperazine,110-85-0,C4H10N2,0.086137,638.0,5530000.0,0.414,9.9e-05,1038.0,"NeqSim v3.20.0 COMP.csv (Equinor/NTNU), Apache-2.0, retrieved 2026-09-13"
c-hexane,110-82-7,C6H12,0.084161,553.54,4074799.9999999995,0.2118,0.00026,783.0,"NeqSim v3.20.0 COMP.csv (Equinor/NTNU), Apache-2.0, retrieved 2026-09-13"
22-dm-c5,590-35-2,C7H16,0.10020399999999999,520.4,2770000.0,0.287,0.000358,667.0,"NeqSim v3.20.0 COMP.csv (Equinor/NTNU), Apache-2.0, retrieved 2026-09-13"
m-cy-c5,96-37-7,C6H12,0.084161,532.79,3784500.0,0.2302,0.000358,667.0,"NeqSim v3.20.0 COMP.csv (Equinor/NTNU), Apache-2.0, retrieved 2026-09-13"
24-dm-c5,108-08-7,C7H16,0.10020399999999999,519.79,2736800.0,0.3018,0.000358,667.0,"NeqSim v3.20.0 COMP.csv (Equinor/NTNU), Apache-2.0, retrieved 2026-09-13"
223-tm-c4,464-06-2,C7H16,0.10020399999999999,531.0999999999999,2950000.0,0.25,0.000358,667.0,"NeqSim v3.20.0 COMP.csv (Equinor/NTNU), Apache-2.0, retrieved 2026-09-13"
33-dm-c5,562-49-2,C7H16,0.10020399999999999,536.3,2950000.0,0.269,0.000358,667.0,"NeqSim v3.20.0 COMP.csv (Equinor/NTNU), Apache-2.0, retrieved 2026-09-13"
2-m-c6,591-76-4,C7H16,0.10020399999999999,530.37,2733800.0,0.3282,0.000358,667.0,"NeqSim v3.20.0 COMP.csv (Equinor/NTNU), Apache-2.0, retrieved 2026-09-13"
23-dm-c5,565-59-3,C7H16,0.10020399999999999,537.3,2910000.0,0.297,0.000358,667.0,"NeqSim v3.20.0 COMP.csv (Equinor/NTNU), Apache-2.0, retrieved 2026-09-13"
11-dm-cy-c5,0-0-0-0,C7H16,0.10020399999999999,499.9,3131000.0,0.247,0.000358,667.0,"NeqSim v3.20.0 COMP.csv (Equinor/NTNU), Apache-2.0, retrieved 2026-09-13"
3-m-c6,589-34-4,C7H16,0.10020399999999999,535.25,2813800.0,0.3216,0.000358,667.0,"NeqSim v3.20.0 COMP.csv (Equinor/NTNU), Apache-2.0, retrieved 2026-09-13"
cis-13-dm-cy-c5,0-0-0-0,C7H16,0.098188,551.0,3400000.0,0.276,0.000358,667.0,"NeqSim v3.20.0 COMP.csv (Equinor/NTNU), Apache-2.0, retrieved 2026-09-13"
trans-13-dm-cy-c5,0-0-0-0,C7H16,0.098188,553.0,3400000.0,0.253,0.000358,667.0,"NeqSim v3.20.0 COMP.csv (Equinor/NTNU), Apache-2.0, retrieved 2026-09-13"
trans-12-dm-cy-c5,0-0-0-0,C7H16,0.098188,553.0,3400000.0,0.253,0.000358,667.0,"NeqSim v3.20.0 COMP.csv (Equinor/NTNU), Apache-2.0, retrieved 2026-09-13"
224-tm-c5,540-84-1,C8H18,0.114231,543.28,2570000.0,0.304,0.000358,667.0,"NeqSim v3.20.0 COMP.csv (Equinor/NTNU), Apache-2.0, retrieved 2026-09-13"
113-tm-cy-c5,0-0-0-0,C7H16,0.114231,543.28,2570000.0,0.304,0.000358,667.0,"NeqSim v3.20.0 COMP.csv (Equinor/NTNU), Apache-2.0, retrieved 2026-09-13"
22-dm-c6,590-73-8,C8H18,0.114231,549.8,2530000.0,0.339,0.000358,667.0,"NeqSim v3.20.0 COMP.csv (Equinor/NTNU), Apache-2.0, retrieved 2026-09-13"
e-cy-c5,1640-89-7,C7H14,0.098188,569.52,3397699.9999999995,0.2715,0.000358,667.0,"NeqSim v3.20.0 COMP.csv (Equinor/NTNU), Apache-2.0, retrieved 2026-09-13"
25-dm-c6,592-13-2,C8H18,0.114231,553.5,2560000.0,0.344,0.000358,667.0,"NeqSim v3.20.0 COMP.csv (Equinor/NTNU), Apache-2.0, retrieved 2026-09-13"
24-dm-c6,589-43-5,C8H18,0.114231,553.5,2560000.0,0.3436,0.000358,667.0,"NeqSim v3.20.0 COMP.csv (Equinor/NTNU), Apache-2.0, retrieved 2026-09-13"
cis-13-dm-cy-c6,0-0-0-0,C7H16,0.114231,591.15,2938400.0,0.2366,0.000358,667.0,"NeqSim v3.20.0 COMP.csv (Equinor/NTNU), Apache-2.0, retrieved 2026-09-13"
3-m-c7,589-81-1,C8H18,0.114231,563.67,2546300.0,0.3716,0.000358,667.0,"NeqSim v3.20.0 COMP.csv (Equinor/NTNU), Apache-2.0, retrieved 2026-09-13"
3-e-c6,619-99-8,C8H18,0.114231,565.4,2610000.0,0.362,0.000358,667.0,"NeqSim v3.20.0 COMP.csv (Equinor/NTNU), Apache-2.0, retrieved 2026-09-13"
ethylbenzene,100-41-4,C8H10,0.10616800000000001,617.17,3609400.0,0.3036,0.000358,871.0,"NeqSim v3.20.0 COMP.csv (Equinor/NTNU), Apache-2.0, retrieved 2026-09-13"
m-xylene,108-38-3,C8H10,0.10617,617.05,3541200.0,0.326,0.000358,868.0,"NeqSim v3.20.0 COMP.csv (Equinor/NTNU), Apache-2.0, retrieved 2026-09-13"
p-xylene,106-42-3,C8H10,0.10617,616.23,3510799.9999999995,0.3259,0.000358,667.0,"NeqSim v3.20.0 COMP.csv (Equinor/NTNU), Apache-2.0, retrieved 2026-09-13"
o-xylene,95-47-6,C8H10,0.106167,630.37,3734200.0,0.3127,0.000358,667.0,"NeqSim v3.20.0 COMP.csv (Equinor/NTNU), Apache-2.0, retrieved 2026-09-13"
2-m-c8,3221-61-2,C9H20,0.1282551,586.75,2290000.0,0.4217,0.000358,667.0,"NeqSim v3.20.0 COMP.csv (Equinor/NTNU), Apache-2.0, retrieved 2026-09-13"
ethylcyclohexane,1678-91-7,C8H16,0.1122126,609.15,3039800.0,0.2455,0.000358,667.0,"NeqSim v3.20.0 COMP.csv (Equinor/NTNU), Apache-2.0, retrieved 2026-09-13"
i-pentane,78-78-4,iC5,0.07215099999999999,460.42999999999995,3381199.9999999995,0.2275,0.000306,626.0,"NeqSim v3.20.0 COMP.csv (Equinor/NTNU), Apache-2.0, retrieved 2026-09-13"
h2s,7783-06-4,H2S,0.03408,373.53,8960700.0,0.0942,9.85e-05,1100.0,"NeqSim v3.20.0 COMP.csv (Equinor/NTNU), Apache-2.0, retrieved 2026-09-13"
s8,10544-50-0,S8,0.25648000000000004,1158.15,6300000.0,0.2059,0.0004495,990.0,"NeqSim v3.20.0 COMP.csv (Equinor/NTNU), Apache-2.0, retrieved 2026-09-13"
acetic acid,64-19-7,C2H4O2,0.060052999999999995,591.95,5786000.0,0.462,0.00017099999999999998,990.0,"NeqSim v3.20.0 COMP.csv (Equinor/NTNU), Apache-2.0, retrieved 2026-09-13"
neon,7440-01-9,Ne,0.02018,44.39999999999998,2665200.0,-0.376,2.4999999999999998e-05,650.0,"NeqSim v3.20.0 COMP.csv (Equinor/NTNU), Apache-2.0, retrieved 2026-09-13"
acetone,67-64-1,Acetone,0.05808,508.09999999999997,4800000.0,0.559,9.9e-05,900.0,"NeqSim v3.20.0 COMP.csv (Equinor/NTNU), Apache-2.0, retrieved 2026-09-13"
ethanol,64-17-5,C2H6O,0.04606922,513.92,6140000.0,0.644,9.9e-05,797.0,"NeqSim v3.20.0 COMP.csv (Equinor/NTNU), Apache-2.0, retrieved 2026-09-13"
dea,0-0-0-0,DEA,0.1191632,513.9,6140000.0,0.644,9.9e-05,1038.0,"NeqSim v3.20.0 COMP.csv (Equinor/NTNU), Apache-2.0, retrieved 2026-09-13"
water,7732-18-5,H2O,0.018015,647.3,22089000.0,0.344,5.6e-05,999.0,"NeqSim v3.20.0 COMP.csv (Equinor/NTNU), Apache-2.0, retrieved 2026-09-13"
helium,7440-59-7,helium,0.004002602,5.190000057999953,227000.0,-0.390031993,6.500000091399999e-05,0.0,"NeqSim v3.20.0 COMP.csv (Equinor/NTNU), Apache-2.0, retrieved 2026-09-13"
c-c7,291-64-5,C7H14,0.098189,604.3,3840200.0,0.243,0.00035299999999999996,813.0,"NeqSim v3.20.0 COMP.csv (Equinor/NTNU), Apache-2.0, retrieved 2026-09-13"
c-c8,292-64-8,C8H16,0.112216,640.0,3479999.9999999995,0.2904,0.00041,837.0,"NeqSim v3.20.0 COMP.csv (Equinor/NTNU), Apache-2.0, retrieved 2026-09-13"
co,630-08-0,CO,0.028010999999999998,132.94900512699996,3498749.9999999995,0.093000002,9.4e-05,1100.0,"NeqSim v3.20.0 COMP.csv (Equinor/NTNU), Apache-2.0, retrieved 2026-09-13"
methanolpvtsim,67-56-1,CH4O,0.032042,512.5999999999999,8095999.999999999,0.559,9.9e-05,797.0,"NeqSim v3.20.0 COMP.csv (Equinor/NTNU), Apache-2.0, retrieved 2026-09-13"
megpvtsim18,107-21-1,C2H6O2,0.062069,720.0,9000000.0,0.5347,0.000186,1117.0,"NeqSim v3.20.0 COMP.csv (Equinor/NTNU), Apache-2.0, retrieved 2026-09-13"
megpvtsim19,107-21-1,C2H6O2,0.062069,720.0,9000000.0,0.5347,0.000186,1117.0,"NeqSim v3.20.0 COMP.csv (Equinor/NTNU), Apache-2.0, retrieved 2026-09-13"
propanepvtsim,74-98-6,C3H8,0.044097000000000004,369.79999999999995,4246000.0,0.152,0.000203,0.0,"NeqSim v3.20.0 COMP.csv (Equinor/NTNU), Apache-2.0, retrieved 2026-09-13"
ethanolpvtsim,64-17-5,C2H6O,0.04606922,513.9,6140000.0,0.644,9.9e-05,797.0,"NeqSim v3.20.0 COMP.csv (Equinor/NTNU), Apache-2.0, retrieved 2026-09-13"
nbutanepvtsim,106-97-8,C4H10,0.058124,425.2,3799687.9999999995,0.193,0.00025499999999999996,0.0,"NeqSim v3.20.0 COMP.csv (Equinor/NTNU), Apache-2.0, retrieved 2026-09-13"
mercury,7439-97-6,Hg,0.2006,1735.15,160800000.0,-0.1645,5.635e-05,13500.0,"NeqSim v3.20.0 COMP.csv (Equinor/NTNU), Apache-2.0, retrieved 2026-09-13"
propylbenzene,103-65-1,C9H12,0.1201916,638.38,3200000.0,0.344,0.000358,871.0,"NeqSim v3.20.0 COMP.csv (Equinor/NTNU), Apache-2.0, retrieved 2026-09-13"
sf6,2551-62-4,SF6,0.146,319.0,3760000.0,0.21,9.85e-05,1100.0,"NeqSim v3.20.0 COMP.csv (Equinor/NTNU), Apache-2.0, retrieved 2026-09-13"
r12,75-71-8,CCl2F2,0.121,385.0,4140000.0,0.176,9.85e-05,1100.0,"NeqSim v3.20.0 COMP.csv (Equinor/NTNU), Apache-2.0, retrieved 2026-09-13"
r134a,811-97-2,C2H2F4,0.102,374.0,4070000.0000000005,0.332,9.85e-05,1100.0,"NeqSim v3.20.0 COMP.csv (Equinor/NTNU), Apache-2.0, retrieved 2026-09-13"
cos,463-58-1,COS,0.0600751,378.79999999999995,6349000.0,0.0970119,9.4e-05,1100.0,"NeqSim v3.20.0 COMP.csv (Equinor/NTNU), Apache-2.0, retrieved 2026-09-13"
2-m-c7,592-27-8,C8H18,0.11423,559.64,2484500.0,0.3769,9.9e-05,422.182073,"NeqSim v3.20.0 COMP.csv (Equinor/NTNU), Apache-2.0, retrieved 2026-09-13"
m-cy-c6,108-87-2,C7H14,0.09819,572.19,3471400.0,0.235,9.9e-05,422.182073,"NeqSim v3.20.0 COMP.csv (Equinor/NTNU), Apache-2.0, retrieved 2026-09-13"
i-p-cy-c5,3875-51-2,C8H16,0.11222,593.25,3040800.0,0.3029,9.9e-05,422.182073,"NeqSim v3.20.0 COMP.csv (Equinor/NTNU), Apache-2.0, retrieved 2026-09-13"
cis-12-dm-cy-c6,2207-01-4,C8H16,0.11222,606.15,2938400.0,0.2324,9.9e-05,422.182073,"NeqSim v3.20.0 COMP.csv (Equinor/NTNU), Apache-2.0, retrieved 2026-09-13"
234-tm-c5,565-75-3,C8H18,0.11423,566.3,2730000.0,0.3161,9.9e-05,422.182073,"NeqSim v3.20.0 COMP.csv (Equinor/NTNU), Apache-2.0, retrieved 2026-09-13"
1.2-dm-cyc5,2452-99-5,C7H14,0.098,553.15,3445000.0000000005,0.2698,0.000358,871.0,"NeqSim v3.20.0 COMP.csv (Equinor/NTNU), Apache-2.0, retrieved 2026-09-13"
1.3-ddm-cyc5,0-0-0-0,C,0.098,556.47,3436999.9999999995,0.271,0.000358,871.0,"NeqSim v3.20.0 COMP.csv (Equinor/NTNU), Apache-2.0, retrieved 2026-09-13"
1.cis-2.trans-4-tmcyc5,4850-28-6,C,0.112,582.21,2854000.0,0.265,0.000358,871.0,"NeqSim v3.20.0 COMP.csv (Equinor/NTNU), Apache-2.0, retrieved 2026-09-13"
2.3-dm-c6,584-94-1,C8H18,0.11423,563.4,2630000.0,0.3472,0.000358,871.0,"NeqSim v3.20.0 COMP.csv (Equinor/NTNU), Apache-2.0, retrieved 2026-09-13"
3-m-c8,2216-33-3,C9H20,0.1282551,590.15,2340000.0,0.412,0.000358,871.0,"NeqSim v3.20.0 COMP.csv (Equinor/NTNU), Apache-2.0, retrieved 2026-09-13"
2.2-dm-c7,1071-26-7,C9H20,0.12825999999999999,576.8,2350000.0,0.3899,0.000358,871.0,"NeqSim v3.20.0 COMP.csv (Equinor/NTNU), Apache-2.0, retrieved 2026-09-13"
2.6-dm-c7,1072-05-5,C9H20,0.12825999999999999,579.0,2300000.0,0.3927,0.000358,871.0,"NeqSim v3.20.0 COMP.csv (Equinor/NTNU), Apache-2.0, retrieved 2026-09-13"
1.1.3-tm-cy-c6,3073-66-3,C9H18,0.12624,612.06,2875000.0,0.267,0.000358,871.0,"NeqSim v3.20.0 COMP.csv (Equinor/NTNU), Apache-2.0, retrieved 2026-09-13"
1.2.3-tmcyc6,1678-97-3,C,0.126,621.31,2740000.0,0.29,0.000358,871.0,"NeqSim v3.20.0 COMP.csv (Equinor/NTNU), Apache-2.0, retrieved 2026-09-13"
4-m-c8,2216-34-4,C9H20,0.12825999999999999,587.65,2340600.0,0.413,0.000358,871.0,"NeqSim v3.20.0 COMP.csv (Equinor/NTNU), Apache-2.0, retrieved 2026-09-13"
o-e-toluene,611-14-3,C9H12,0.12,651.15,3039700.0,0.2932,0.000358,871.0,"NeqSim v3.20.0 COMP.csv (Equinor/NTNU), Apache-2.0, retrieved 2026-09-13"
1.2.3-tm-benzene,526-73-8,C9H12,0.12018999999999999,664.53,3454000.0,0.3664,0.000358,871.0,"NeqSim v3.20.0 COMP.csv (Equinor/NTNU), Apache-2.0, retrieved 2026-09-13"
cy-c9,293-55-0,C9H18,0.12624,682.04,3344000.0,0.268,0.000358,871.0,"NeqSim v3.20.0 COMP.csv (Equinor/NTNU), Apache-2.0, retrieved 2026-09-13"
2-e-p-xylene,1758-88-9,C,0.134,663.0,2880000.0,0.4114,0.000358,871.0,"NeqSim v3.20.0 COMP.csv (Equinor/NTNU), Apache-2.0, retrieved 2026-09-13"
nc5-benzene,538-68-1,C11H16,0.14825,679.95,2606000.0,0.4376,0.000358,871.0,"NeqSim v3.20.0 COMP.csv (Equinor/NTNU), Apache-2.0, retrieved 2026-09-13"
nc6-benzene,1077-16-3,C12H18,0.162,697.5,2380000.0,0.48,0.000358,871.0,"NeqSim v3.20.0 COMP.csv (Equinor/NTNU), Apache-2.0, retrieved 2026-09-13"
nc7-benzene,1078-71-3,C13H20,0.176,714.0,2180000.0,0.5287,0.000358,871.0,"NeqSim v3.20.0 COMP.csv (Equinor/NTNU), Apache-2.0, retrieved 2026-09-13"
nc10-cy-c5,1795-21-7,C15H30,0.2104,732.38,1709000.0,0.6314,0.000358,871.0,"NeqSim v3.20.0 COMP.csv (Equinor/NTNU), Apache-2.0, retrieved 2026-09-13"
nc8-benzene,2189-60-8,C14H22,0.19,728.15,2034000.0,0.5909,0.000358,871.0,"NeqSim v3.20.0 COMP.csv (Equinor/NTNU), Apache-2.0, retrieved 2026-09-13"
nc9-benzene,1081-77-2,C15H24,0.204,740.8499999999999,1896000.0,0.6523,0.000358,871.0,"NeqSim v3.20.0 COMP.csv (Equinor/NTNU), Apache-2.0, retrieved 2026-09-13"
3-m-4.4-de-heptane,62198-98-5,C12H26,0.1703,653.51,1822000.0,0.461,0.000358,871.0,"NeqSim v3.20.0 COMP.csv (Equinor/NTNU), Apache-2.0, retrieved 2026-09-13"
nc12-cy-c5,0-0-0-0,C,0.23846,758.89,1519800.0,0.7163,0.000358,871.0,"NeqSim v3.20.0 COMP.csv (Equinor/NTNU), Apache-2.0, retrieved 2026-09-13"
nc10-benzene,104-72-3,C16H26,0.218,753.0,1770000.0,0.6812,0.000358,871.0,"NeqSim v3.20.0 COMP.csv (Equinor/NTNU), Apache-2.0, retrieved 2026-09-13"
nc14-cy-c5,0-0-0-0,C,0.26650999999999997,782.3399999999999,1368500.0,0.7949,0.000358,871.0,"NeqSim v3.20.0 COMP.csv (Equinor/NTNU), Apache-2.0, retrieved 2026-09-13"
nc17-cy-c5,0-0-0-0,C,0.30859,811.16,1190600.0,0.906,0.000358,871.0,"NeqSim v3.20.0 COMP.csv (Equinor/NTNU), Apache-2.0, retrieved 2026-09-13"
nc27,593-49-7,C,0.38,836.3,975000.0,0.8813,0.000358,871.0,"NeqSim v3.20.0 COMP.csv (Equinor/NTNU), Apache-2.0, retrieved 2026-09-13"
nc34,14167-59-0,C34H70,0.478,860.65,543000.0,1.435,0.000358,871.0,"NeqSim v3.20.0 COMP.csv (Equinor/NTNU), Apache-2.0, retrieved 2026-09-13"
nc39,7194-86-7,C39H80,0.548,912.0,821000.0000000001,1.0889,0.000358,871.0,"NeqSim v3.20.0 COMP.csv (Equinor/NTNU), Apache-2.0, retrieved 2026-09-13"
1.2.4-tmcyc6,2234-75-5,C9H18,0.126,613.75,2675000.0,0.2619,0.000358,871.0,"NeqSim v3.20.0 COMP.csv (Equinor/NTNU), Apache-2.0, retrieved 2026-09-13"
nc30,638-68-6,C30H62,0.4228,863.05,868000.0,1.307,0.000358,871.0,"NeqSim v3.20.0 COMP.csv (Equinor/NTNU), Apache-2.0, retrieved 2026-09-13"
1-propanol,71-23-8,C3H8O,0.060096,536.78,5174970.0,0.6218,9.9e-05,803.0,"NeqSim v3.20.0 COMP.csv (Equinor/NTNU), Apache-2.0, retrieved 2026-09-13"
i-propanol,67-63-0,C3H8O,0.060096,508.29999999999995,4761970.0,0.6677,9.9e-05,797.0,"NeqSim v3.20.0 COMP.csv (Equinor/NTNU), Apache-2.0, retrieved 2026-09-13"
c-c4,287-23-0,C4H8,0.056108,459.9,4985000.0,0.209,0.00020999999999999998,669.0,"NeqSim v3.20.0 COMP.csv (Equinor/NTNU), Apache-2.0, retrieved 2026-09-13"
33-dm-c6,563-16-6,C8H18,0.114232002258,562.020019531,2653620.1171,0.326000005,0.000443,712.8,"NeqSim v3.20.0 COMP.csv (Equinor/NTNU), Apache-2.0, retrieved 2026-09-13"
n-bcychexane,1678-93-9,C10H20,0.14026800537099998,667.039001464,3150870.1171,0.361990004,0.0005341,801.4,"NeqSim v3.20.0 COMP.csv (Equinor/NTNU), Apache-2.0, retrieved 2026-09-13"
pent-cc6,4292-92-6,C11H22,0.154300003051,674.0,2330000.0,0.412999004,0.0005845,806.8,"NeqSim v3.20.0 COMP.csv (Equinor/NTNU), Apache-2.0, retrieved 2026-09-13"
nc25,629-99-2,C25H52,0.35268,857.0,950000.0,1.1053,0.000358,871.0,"NeqSim v3.20.0 COMP.csv (Equinor/NTNU), Apache-2.0, retrieved 2026-09-13"
nc26,630-01-3,C26H54,0.366707,819.0,910000.0,1.1544,0.000358,871.0,"NeqSim v3.20.0 COMP.csv (Equinor/NTNU), Apache-2.0, retrieved 2026-09-13"
nc28,630-02-4,C28H58,0.394769,832.0,850000.0,1.2375,0.000358,871.0,"NeqSim v3.20.0 COMP.csv (Equinor/NTNU), Apache-2.0, retrieved 2026-09-13"
nc29,630-03-5,C29H60,0.4088,835.6999999999999,691800.0,1.2005,0.000358,871.0,"NeqSim v3.20.0 COMP.csv (Equinor/NTNU), Apache-2.0, retrieved 2026-09-13"
glycerol,112-27-6,C6H14O4,0.150175,766.0999999999999,3313000.0000000005,1.2874,0.00045,1127.0,"NeqSim v3.20.0 COMP.csv (Equinor/NTNU), Apache-2.0, retrieved 2026-09-13"
sulfur(s8),10544-50-0,sulfur(S8),0.25648000000000004,1158.15,6300000.0,0.2059,0.0004495,990.0,"NeqSim v3.20.0 COMP.csv (Equinor/NTNU), Apache-2.0, retrieved 2026-09-13"
naphthalene,91-20-3,C10H8,0.128174,748.4,4050000.0,0.302,0.00041299999999999996,669.0,"NeqSim v3.20.0 COMP.csv (Equinor/NTNU), Apache-2.0, retrieved 2026-09-13"
mea,141-43-5,MEA,0.0610831,638.0,6870000.0,0.7966,9.9e-05,1038.0,"NeqSim v3.20.0 COMP.csv (Equinor/NTNU), Apache-2.0, retrieved 2026-09-13"
trans-12-dm-cy-c6,6876-23-9,C8H16,0.11222,595.927001953,2964000.0,0.3304,9.9e-05,422.182073,"NeqSim v3.20.0 COMP.csv (Equinor/NTNU), Apache-2.0, retrieved 2026-09-13"
cis-14-dm-cy-c6,624-29-3,C8H16,0.11222,598.15,2964000.0,0.23398,9.9e-05,422.182073,"NeqSim v3.20.0 COMP.csv (Equinor/NTNU), Apache-2.0, retrieved 2026-09-13"
trans-14-dm-cy-c6,2207-04-7,C8H16,0.11222,589.817016601,2964000.0,0.23398,9.9e-05,422.182073,"NeqSim v3.20.0 COMP.csv (Equinor/NTNU), Apache-2.0, retrieved 2026-09-13"
pg,57-55-6,propyleneglycol,0.076095,626.0,6100000.0,1.102,0.00023899999999999998,1036.0,"NeqSim v3.20.0 COMP.csv (Equinor/NTNU), Apache-2.0, retrieved 2026-09-13"
ammonia,7664-41-7,NH3,0.017030999999999998,405.4,11300000.0,0.25,9.9e-05,730.0,"NeqSim v3.20.0 COMP.csv (Equinor/NTNU), Apache-2.0, retrieved 2026-09-13"
chlorine,7782-50-5,Cl2,0.07090600000000001,416.8654,7642400.000000001,0.07,0.000124069478908,1532.6431958562462,"NeqSim v3.20.0 COMP.csv (Equinor/NTNU), Apache-2.0, retrieved 2026-09-13"
ethylene,74-85-1,C2H4,0.028053159999999997,282.35,5041800.0,0.0866,0.00013094548171599998,566.5875959429861,"NeqSim v3.20.0 COMP.csv (Equinor/NTNU), Apache-2.0, retrieved 2026-09-13"
propene,115-07-1,C3H6,0.042079740000000004,364.211,4555000.0,0.146,0.000183250870442,607.1797165485592,"NeqSim v3.20.0 COMP.csv (Equinor/NTNU), Apache-2.0, retrieved 2026-09-13"
cis-butene,590-18-1,C4H8,0.056106319999999994,435.75,4225500.0,0.202,0.000235626767201,630.1087082074908,"NeqSim v3.20.0 COMP.csv (Equinor/NTNU), Apache-2.0, retrieved 2026-09-13"
trans-butene,624-64-6,C4H8,0.056106319999999994,428.61,4027300.0000000005,0.21,0.000237360550676,624.7637226336263,"NeqSim v3.20.0 COMP.csv (Equinor/NTNU), Apache-2.0, retrieved 2026-09-13"
iso-butene,115-11-7,C4H8,0.056106319999999994,418.09,4009800.0,0.193,0.00023980815347699998,617.2935303955315,"NeqSim v3.20.0 COMP.csv (Equinor/NTNU), Apache-2.0, retrieved 2026-09-13"
formic acid,64-18-6,CH2O2,0.04602538,588.0,5810000.0,0.3222,0.0001159,1079.8472538295498,"NeqSim v3.20.0 COMP.csv (Equinor/NTNU), Apache-2.0, retrieved 2026-09-13"
hydrochloric acid,7647-01-0,ClH,0.036460940000000004,324.68,8313500.000000001,0.129,8.42459983151e-05,1172.170470366168,"NeqSim v3.20.0 COMP.csv (Equinor/NTNU), Apache-2.0, retrieved 2026-09-13"
sulfuric acid,7664-93-9,H2O4S,0.09807848,924.0,6400000.0,0.481623142957687,0.0001777,1533.1460079326603,"NeqSim v3.20.0 COMP.csv (Equinor/NTNU), Apache-2.0, retrieved 2026-09-13"
so2,7446-09-5,O2S,0.0640638,430.64,7886600.0,0.256,0.000123793018074,1412.28792396165,"NeqSim v3.20.0 COMP.csv (Equinor/NTNU), Apache-2.0, retrieved 2026-09-13"
no2,10102-44-0,NO2,0.0460055,431.15,10130000.0,0.9,8.2e-05,1671.05434446441,"NeqSim v3.20.0 COMP.csv (Equinor/NTNU), Apache-2.0, retrieved 2026-09-13"
nitric acid,7697-37-2,HNO3,0.06301284,520.0,6890100.0,0.7144,0.000133,1358.835620266826,"NeqSim v3.20.0 COMP.csv (Equinor/NTNU), Apache-2.0, retrieved 2026-09-13"
para-hydrogen,1333-74-0,para-hydrogen,0.002016,32.93799999999999,1285800.0,-0.22,6.5e-05,0.0,"NeqSim v3.20.0 COMP.csv (Equinor/NTNU), Apache-2.0, retrieved 2026-09-13"
ortho-hydrogen,1333-74-0,ortho-hydrogen,0.002016,33.21999999999997,1310650.0,-0.22,6.5e-05,0.0,"NeqSim v3.20.0 COMP.csv (Equinor/NTNU), Apache-2.0, retrieved 2026-09-13"
hno3,7697-37-2,HNO3,0.063012,920.15,22100000.0,0.205,0.000133,1358.835620266826,"NeqSim v3.20.0 COMP.csv (Equinor/NTNU), Apache-2.0, retrieved 2026-09-13"
h2so4,7664-93-9,H2O4S,0.09807848,858.8652605453877,16466813.871086203,0.27640701720972727,0.0001777,1533.1460079326603,"NeqSim v3.20.0 COMP.csv (Equinor/NTNU), Apache-2.0, retrieved 2026-09-13"
h2o2,7722-84-1,H2O2,0.034014699999999995,696.3499999999999,2700000.0,0.113,7e-05,1450.0,"NeqSim v3.20.0 COMP.csv (Equinor/NTNU), Apache-2.0, retrieved 2026-09-13"
nano2,7632-00-0,NaNO2,0.069,717.3,29089000.0,0.344,9.9e-05,2170.0,"NeqSim v3.20.0 COMP.csv (Equinor/NTNU), Apache-2.0, retrieved 2026-09-13"
nh2so3h,5329-14-6,NH2SO3H,0.09709999999999999,717.3,29089000.0,0.344,9.9e-05,2150.0,"NeqSim v3.20.0 COMP.csv (Equinor/NTNU), Apache-2.0, retrieved 2026-09-13"
n2o4,10544-72-6,N2O4,0.092011,430.15,9930000.0,0.9,0.000167,1448.0,"NeqSim v3.20.0 COMP.csv (Equinor/NTNU), Apache-2.0, retrieved 2026-09-13"
