family,species_key,a0,a1,a2,a3,a4,a5
B0,B(OH)4-|K+,0.035,0.0,0.0,0.0,0.0,0.0
B0,B(OH)4-|Na+,-0.0427,0.0,0.0,0.0,0.0,0.0
B0,B3O3(OH)4-|K+,-0.13,0.0,0.0,0.0,0.0,0.0
B0,B3O3(OH)4-|Na+,-0.056,0.0,0.0,0.0,0.0,0.0
B0,B4O5(OH)4--|K+,-0.022,0.0,0.0,0.0,0.0,0.0
B0,B4O5(OH)4--|Na+,-0.11,0.0,0.0,0.0,0.0,0.0
B0,Ba++|Br-,0.31455,0.0,0.0,-0.00033825,0.0,0.0
B0,Ba++|Cl-,0.5268,0.0,0.0,0.0,0.0,47500.0
B0,Ba++|OH-,0.17175,0.0,0.0,0.0,0.0,0.0
B0,Br-|H+,0.196,0.0,0.0,-0.0002049,0.0,0.0
B0,Br-|K+,0.0569,0.0,0.0,0.000739,0.0,0.0
B0,Br-|Li+,0.1748,0.0,0.0,-0.0001819,0.0,0.0
B0,Br-|Mg++,0.4327,0.0,0.0,-5.625e-05,0.0,0.0
B0,Br-|Na+,0.0973,0.0,0.0,0.0007692,0.0,0.0
B0,Br-|Sr++,0.331125,0.0,0.0,-0.00032775,0.0,0.0
B0,Br-|Ca++,0.3816,0.0,0.0,-0.00052275,0.0,0.0
B0,Ca++|Cl-,0.3159,0.0,0.0,-0.000327,1.4e-07,0.0
B0,Ca++|HCO3-,0.4,0.0,0.0,0.0,0.0,0.0
B0,Ca++|HSO4-,0.2145,0.0,0.0,0.0,0.0,0.0
B0,Ca++|OH-,-0.1747,0.0,0.0,0.0,0.0,0.0
B0,Ca++|SO4--,0.0,0.0,0.0,0.0,0.0,0.0
B0,CaB(OH)4+|Cl-,0.12,0.0,0.0,0.0,0.0,0.0
B0,Cl-|Fe++,0.335925,0.0,0.0,0.0,0.0,0.0
B0,Cl-|H+,0.1775,0.0,0.0,-0.0003081,0.0,0.0
B0,Cl-|K+,0.04808,-758.48,-4.7062,0.010072,-3.7599e-06,0.0
B0,Cl-|Li+,0.1494,0.0,0.0,-0.0001685,0.0,0.0
B0,Cl-|Mg++,0.351,0.0,0.0,-0.000932,5.94e-07,0.0
B0,Cl-|MgB(OH)4+,0.16,0.0,0.0,0.0,0.0,0.0
B0,Cl-|MgOH+,-0.1,0.0,0.0,0.0,0.0,0.0
B0,Cl-|Mn++,0.327225,0.0,0.0,0.0,0.0,0.0
B0,Cl-|Na+,0.07534,9598.4,35.48,-0.058731,1.798e-05,-500000.0
B0,Cl-|Sr++,0.2858,0.0,0.0,0.000717,0.0,0.0
B0,CO3--|K+,0.1488,0.0,0.0,0.001788,0.0,0.0
B0,CO3--|Na+,0.0399,0.0,0.0,0.00179,0.0,0.0
B0,Fe++|HSO4-,0.4273,0.0,0.0,0.0,0.0,0.0
B0,Fe++|SO4--,0.2568,0.0,0.0,0.0,0.0,0.0
B0,H+|HSO4-,0.2065,0.0,0.0,0.0,0.0,0.0
B0,H+|SO4--,0.0298,0.0,0.0,0.0,0.0,0.0
B0,HCO3-|K+,0.0296,0.0,0.0,0.000996,0.0,0.0
B0,HCO3-|Mg++,0.329,0.0,0.0,0.0,0.0,0.0
B0,HCO3-|Na+,-0.018,0.0,0.0,-0.00023,0.0,0.0
B0,HCO3-|Sr++,0.12,0.0,0.0,0.0,0.0,0.0
B0,HSO4-|K+,-0.0003,0.0,0.0,0.0,0.0,0.0
B0,HSO4-|Mg++,0.4746,0.0,0.0,0.0,0.0,0.0
B0,HSO4-|Na+,0.0454,0.0,0.0,0.0,0.0,0.0
B0,K+|OH-,0.1298,0.0,0.0,0.0,0.0,0.0
B0,K+|SO4--,0.0317,0.0,0.0,0.000928,0.0,0.0
B0,Li+|OH-,0.015,0.0,0.0,0.0,0.0,0.0
B0,Li+|SO4--,0.136275,0.0,0.0,0.0005055,0.0,0.0
B0,Mg++|SO4--,0.2135,-951.0,0.0,-0.0234,2.28e-05,0.0
B0,Mn++|SO4--,0.2065,0.0,0.0,0.0,0.0,0.0
B0,Na+|OH-,0.0864,0.0,0.0,0.0007,0.0,0.0
B0,Na+|SO4--,0.0273,0.0,-5.8,0.00989,0.0,-156300.0
B0,SO4--|Sr++,0.2,0.0,0.0,-0.0029,0.0,0.0
B1,B(OH)4-|K+,0.14,0.0,0.0,0.0,0.0,0.0
B1,B(OH)4-|Na+,0.089,0.0,0.0,0.0,0.0,0.0
B1,B3O3(OH)4-|Na+,-0.91,0.0,0.0,0.0,0.0,0.0
B1,B4O5(OH)4--|Na+,-0.4,0.0,0.0,0.0,0.0,0.0
B1,Ba++|Br-,1.56975,0.0,0.0,0.00678,0.0,0.0
B1,Ba++|Cl-,0.687,0.0,0.0,0.01417,0.0,0.0
B1,Ba++|OH-,1.2,0.0,0.0,0.0,0.0,0.0
B1,Br-|H+,0.3564,0.0,0.0,0.0004467,0.0,0.0
B1,Br-|K+,0.2212,0.0,0.0,0.00174,0.0,0.0
B1,Br-|Li+,0.2547,0.0,0.0,0.0006636,0.0,0.0
B1,Br-|Mg++,1.753,0.0,0.0,0.0038625,0.0,0.0
B1,Br-|Na+,0.2791,0.0,0.0,0.001079,0.0,0.0
B1,Br-|Sr++,1.7115,0.0,0.0,0.0065325,0.0,0.0
B1,Br-|Ca++,1.613,0.0,0.0,0.0060375,0.0,0.0
B1,Ca++|Cl-,1.614,0.0,0.0,0.00763,-8.19e-07,0.0
B1,Ca++|HCO3-,2.977,0.0,0.0,0.0,0.0,0.0
B1,Ca++|HSO4-,2.53,0.0,0.0,0.0,0.0,0.0
B1,Ca++|OH-,-0.2303,0.0,0.0,0.0,0.0,0.0
B1,Ca++|SO4--,3.546,0.0,0.0,0.00577,0.0,0.0
B1,Cl-|Fe++,1.53225,0.0,0.0,0.0,0.0,0.0
B1,Cl-|H+,0.2945,0.0,0.0,0.0001419,0.0,0.0
B1,Cl-|K+,0.2168,0.0,-6.895,0.02262,-9.293e-06,-100000.0
B1,Cl-|Li+,0.3074,0.0,0.0,0.0005366,0.0,0.0
B1,Cl-|Mg++,1.65,0.0,0.0,-0.0109,2.6e-05,0.0
B1,Cl-|MgOH+,1.658,0.0,0.0,0.0,0.0,0.0
B1,Cl-|Mn++,1.55025,0.0,0.0,0.0,0.0,0.0
B1,Cl-|Na+,0.2769,13770.0,46.8,-0.069512,2e-05,-748230.0
B1,Cl-|Sr++,1.667,0.0,0.0,0.0028425,0.0,0.0
B1,CO3--|K+,1.43,0.0,0.0,0.002051,0.0,0.0
B1,CO3--|Na+,1.389,0.0,0.0,0.00205,0.0,0.0
B1,Fe++|HSO4-,3.48,0.0,0.0,0.0,0.0,0.0
B1,Fe++|SO4--,3.063,0.0,0.0,0.0,0.0,0.0
B1,H+|HSO4-,0.5556,0.0,0.0,0.0,0.0,0.0
B1,HCO3-|K+,0.25,0.0,0.0,0.001104,0.0,0.0
B1,HCO3-|Mg++,0.6072,0.0,0.0,0.0,0.0,0.0
B1,HCO3-|Na+,-0.0101,0.0,0.0,0.00172,0.0,0.0
B1,HSO4-|K+,0.1735,0.0,0.0,0.0,0.0,0.0
B1,HSO4-|Mg++,1.729,0.0,0.0,0.0,0.0,0.0
B1,HSO4-|Na+,0.398,0.0,0.0,0.0,0.0,0.0
B1,K+|OH-,0.32,0.0,0.0,0.0,0.0,0.0
B1,K+|SO4--,0.756,-15140.0,-80.3,0.1091,0.0,0.0
B1,Li+|OH-,0.14,0.0,0.0,0.0,0.0,0.0
B1,Li+|SO4--,1.2705,0.0,0.0,0.00141,0.0,0.0
B1,Mg++|SO4--,3.367,-5780.0,0.0,-0.148,0.0001576,0.0
B1,Mn++|SO4--,2.9511,0.0,0.0,0.0,0.0,0.0
B1,Na+|OH-,0.253,0.0,0.0,0.000134,0.0,0.0
B1,Na+|SO4--,0.956,2663.0,0.0,0.01158,0.0,-319400.0
B1,SO4--|Sr++,3.1973,0.0,0.0,0.027,0.0,0.0
B2,Ca++|Cl-,-1.13,0.0,0.0,-0.0476,0.0,0.0
B2,Ca++|OH-,-5.72,0.0,0.0,0.0,0.0,0.0
B2,Ca++|SO4--,-59.3,0.0,0.0,-0.443,-3.96e-06,0.0
B2,Fe++|SO4--,-42.0,0.0,0.0,0.0,0.0,0.0
B2,HCO3-|Na+,6.84,0.0,0.0,-0.00711,0.0,0.0
B2,Mg++|SO4--,-32.45,0.0,-3236.0,21.812,-0.018859,0.0
B2,Mn++|SO4--,-40.0,0.0,0.0,0.0,0.0,0.0
B2,SO4--|Sr++,-54.24,0.0,0.0,-0.42,0.0,0.0
C0,B(OH)4-|Na+,0.0114,0.0,0.0,0.0,0.0,0.0
C0,Ba++|Br-,-0.0159576,0.0,0.0,0.0,0.0,0.0
C0,Ba++|Cl-,-0.143,-114.5,0.0,0.0,0.0,0.0
C0,Br-|Ca++,-0.00257,0.0,0.0,0.0,0.0,0.0
C0,Br-|H+,0.00827,0.0,0.0,-5.685e-05,0.0,0.0
C0,Br-|K+,-0.0018,0.0,0.0,-7.004e-05,0.0,0.0
C0,Br-|Li+,0.0053,0.0,0.0,-2.813e-05,0.0,0.0
C0,Br-|Mg++,0.00312,0.0,0.0,0.0,0.0,0.0
C0,Br-|Na+,0.00116,0.0,0.0,-9.3e-05,0.0,0.0
C0,Br-|Sr++,0.00122506,0.0,0.0,0.0,0.0,0.0
C0,Ca++|Cl-,0.00014,-57.0,-0.098,-0.000783,7.18e-07,0.0
C0,Ca++|SO4--,0.114,0.0,0.0,0.0,0.0,0.0
C0,Cl-|Fe++,-0.00860725,0.0,0.0,0.0,0.0,0.0
C0,Cl-|H+,0.0008,0.0,0.0,6.213e-05,0.0,0.0
C0,Cl-|K+,-0.000788,91.27,0.58643,-0.001298,4.9567e-07,0.0
C0,Cl-|Li+,0.00359,0.0,0.0,-4.52e-05,0.0,0.0
C0,Cl-|Mg++,0.00651,0.0,0.0,-0.00025,2.418e-07,0.0
C0,Cl-|Mn++,-0.0204972,0.0,0.0,0.0,0.0,0.0
C0,Cl-|Na+,0.00148,-120.5,-0.2081,0.0,1.166e-07,11121.0
C0,Cl-|Sr++,-0.0013,0.0,0.0,0.0,0.0,0.0
C0,CO3--|K+,-0.0015,0.0,0.0,0.0,0.0,0.0
C0,CO3--|Na+,0.0044,0.0,0.0,0.0,0.0,0.0
C0,Fe++|SO4--,0.0209,0.0,0.0,0.0,0.0,0.0
C0,H+|SO4--,0.0438,0.0,0.0,0.0,0.0,0.0
C0,HCO3-|K+,-0.008,0.0,0.0,0.0,0.0,0.0
C0,K+|OH-,0.0041,0.0,0.0,0.0,0.0,0.0
C0,K+|SO4--,0.00818,-625.0,-3.3,0.00406,0.0,0.0
C0,Li+|SO4--,-0.00399338,0.0,0.0,-0.000233345,0.0,0.0
C0,Mg++|SO4--,0.02875,0.0,-2.084,0.011428,-8.228e-06,0.0
C0,Mn++|SO4--,0.01636,0.0,0.0,0.0,0.0,0.0
C0,Na+|OH-,0.0044,0.0,0.0,-0.0001894,0.0,0.0
C0,Na+|SO4--,0.003418,-384.0,0.0,-0.0008451,0.0,51770.0
THETA,B(OH)4-|Cl-,-0.065,0.0,0.0,0.0,0.0,0.0
THETA,B(OH)4-|SO4--,-0.012,0.0,0.0,0.0,0.0,0.0
THETA,B3O3(OH)4-|Cl-,0.12,0.0,0.0,0.0,0.0,0.0
THETA,B3O3(OH)4-|HCO3-,-0.1,0.0,0.0,0.0,0.0,0.0
THETA,B3O3(OH)4-|SO4--,0.1,0.0,0.0,0.0,0.0,0.0
THETA,B4O5(OH)4--|Cl-,0.074,0.0,0.0,0.0,0.0,0.0
THETA,B4O5(OH)4--|HCO3-,-0.087,0.0,0.0,0.0,0.0,0.0
THETA,B4O5(OH)4--|SO4--,0.12,0.0,0.0,0.0,0.0,0.0
THETA,Ba++|Na+,0.07,0.0,0.0,0.0,0.0,0.0
THETA,Br-|OH-,-0.065,0.0,0.0,0.0,0.0,0.0
THETA,Ca++|H+,0.092,0.0,0.0,0.0,0.0,0.0
THETA,Ca++|K+,-0.00535,0.0,0.0,0.000308,0.0,0.0
THETA,Ca++|Mg++,0.007,0.0,0.0,0.0,0.0,0.0
THETA,Ca++|Na+,0.0922,0.0,0.0,-0.000429,1.21e-06,0.0
THETA,CO3--|Cl-,-0.02,0.0,0.0,0.0,0.0,0.0
THETA,Cl-|HCO3-,0.0512,0.0,0.0,-0.000481,0.0,0.0
THETA,Cl-|HSO4-,-0.006,0.0,0.0,0.0,0.0,0.0
THETA,Cl-|OH-,-0.05,0.0,0.0,0.0,0.0,0.0
THETA,Cl-|SO4--,0.03,0.0,0.0,0.0,0.0,0.0
THETA,CO3--|OH-,0.1,0.0,0.0,0.0,0.0,0.0
THETA,CO3--|SO4--,0.02,0.0,0.0,0.0,0.0,0.0
THETA,H+|K+,0.005,0.0,0.0,0.0,0.0,0.0
THETA,H+|Mg++,0.1,0.0,0.0,0.0,0.0,0.0
THETA,H+|Na+,0.036,0.0,0.0,0.0,0.0,0.0
THETA,CO3--|HCO3-,-0.04,0.0,0.0,0.0,0.0,0.0
THETA,HCO3-|SO4--,0.01,0.0,0.0,0.0,0.0,0.0
THETA,K+|Na+,-0.012,0.0,0.0,0.0,0.0,0.0
THETA,Mg++|Na+,0.07,0.0,0.0,0.0,0.0,0.0
THETA,Na+|Sr++,0.051,0.0,0.0,0.0,0.0,0.0
THETA,OH-|SO4--,-0.013,0.0,0.0,0.0,0.0,0.0
LAMBDA,B(OH)3|Cl-,0.091,0.0,0.0,0.0,0.0,0.0
LAMBDA,B(OH)3|K+,-0.14,0.0,0.0,0.0,0.0,0.0
LAMBDA,B(OH)3|Na+,-0.097,0.0,0.0,0.0,0.0,0.0
LAMBDA,B(OH)3|SO4--,0.018,0.0,0.0,0.0,0.0,0.0
LAMBDA,B(OH)3|B3O3(OH)4-,-0.2,0.0,0.0,0.0,0.0,0.0
LAMBDA,CO2|Ca++,0.183,0.0,0.0,0.0,0.0,0.0
LAMBDA,Ca++|H4SiO4,0.238,0.0,0.0,0.0,0.0,0.0
LAMBDA,CO2|Cl-,-0.005,0.0,0.0,0.0,0.0,0.0
LAMBDA,Cl-|H2Sg,-0.005,0.0,0.0,0.0,0.0,0.0
LAMBDA,(H2Sg)2|Cl-,-0.005,0.0,0.0,0.0,0.0,0.0
LAMBDA,Cl-|Hdg,0.005,0.0,0.0,0.0,0.0,0.0
LAMBDA,CO2|CO2,-0.0134,348.0,0.803,0.0,0.0,0.0
LAMBDA,CO2|HSO4-,-0.003,0.0,0.0,0.0,0.0,0.0
LAMBDA,CO2|K+,0.051,0.0,0.0,0.0,0.0,0.0
LAMBDA,CO2|Mg++,0.183,0.0,0.0,0.0,0.0,0.0
LAMBDA,CO2|Na+,0.085,0.0,0.0,0.0,0.0,0.0
LAMBDA,CO2|SO4--,0.075,0.0,0.0,0.0,0.0,0.0
LAMBDA,H2Sg|Na+,0.1047,0.0,-0.0413,0.0,0.0,0.0
LAMBDA,H2Sg|SO4--,0.0,0.0,0.679,0.0,0.0,0.0
LAMBDA,(H2Sg)2|Na+,0.0123,0.0,0.256,0.0,0.0,0.0
LAMBDA,H4SiO4|K+,0.0298,0.0,0.0,0.0,0.0,0.0
LAMBDA,H4SiO4|Li+,0.143,0.0,0.0,0.0,0.0,0.0
LAMBDA,H4SiO4|Mg++,0.238,-1788.0,-9.023,0.0103,0.0,0.0
LAMBDA,H4SiO4|Na+,0.0566,75.3,0.115,0.0,0.0,0.0
LAMBDA,H4SiO4|SO4--,-0.085,0.0,0.28,-0.000825,0.0,0.0
LAMBDA,Hdg|Mg++,0.0,0.0,0.0,0.0167,0.0,0.0
LAMBDA,Hdg|Na+,0.1679,0.4505,-1.242,0.0009457,3.484e-06,0.0
ZETA,B(OH)3|Cl-|H+,-0.0102,0.0,0.0,0.0,0.0,0.0
ZETA,B(OH)3|Na+|SO4--,0.046,0.0,0.0,0.0,0.0,0.0
ZETA,Cl-|H4SiO4|K+,-0.0153,0.0,0.0,0.0,0.0,0.0
ZETA,Cl-|H4SiO4|Li+,-0.0196,0.0,0.0,0.0,0.0,0.0
ZETA,CO2|Na+|SO4--,-0.015,0.0,0.0,0.0,0.0,0.0
ZETA,Cl-|H2Sg|Na+,-0.0123,0.0,0.0,0.0,0.0,0.0
ZETA,H2Sg|Na+|SO4--,0.157,0.0,0.0,0.0,0.0,0.0
ZETA,(H2Sg)2|Cl-|Na+,0.0119,0.0,0.0,0.0,0.0,0.0
ZETA,(H2Sg)2|Na+|SO4--,-0.167,0.0,0.0,0.0,0.0,0.0
ZETA,Cl-|Hdg|Na+,-0.01422,0.0,0.0,-0.000163877,0.0,0.0
PSI,B(OH)4-|Cl-|Na+,-0.0073,0.0,0.0,0.0,0.0,0.0
PSI,B3O3(OH)4-|Cl-|Na+,-0.024,0.0,0.0,0.0,0.0,0.0
PSI,B4O5(OH)4--|Cl-|Na+,0.026,0.0,0.0,0.0,0.0,0.0
PSI,Br-|K+|Na+,-0.0022,0.0,0.0,0.0,0.0,0.0
PSI,Br-|K+|OH-,-0.014,0.0,0.0,0.0,0.0,0.0
PSI,Br-|H+|Na+,-0.012,0.0,0.0,0.0,0.0,0.0
PSI,Br-|Na+|OH-,-0.018,0.0,0.0,0.0,0.0,0.0
PSI,Ca++|Cl-|H+,-0.015,0.0,0.0,0.0,0.0,0.0
PSI,Ca++|Cl-|K+,-0.025,0.0,0.0,0.0,0.0,0.0
PSI,Ca++|Cl-|Mg++,-0.012,0.0,0.0,0.0,0.0,0.0
PSI,Ca++|Cl-|Na+,-0.0148,0.0,0.0,-5.2e-06,0.0,0.0
PSI,Ca++|Cl-|OH-,-0.025,0.0,0.0,0.0,0.0,0.0
PSI,Ca++|Cl-|SO4--,-0.122,0.0,0.0,-0.00121,0.0,0.0
PSI,Ca++|K+|SO4--,-0.0365,0.0,0.0,0.0,0.0,0.0
PSI,Ca++|Mg++|SO4--,0.024,0.0,0.0,0.0,0.0,0.0
PSI,Ca++|Na+|SO4--,-0.055,17.2,0.0,0.0,0.0,0.0
PSI,Br-|Cl-|K+,0.0,0.0,0.0,0.0,0.0,0.0
PSI,CO3--|Cl-|K+,0.004,0.0,0.0,0.0,0.0,0.0
PSI,CO3--|Cl-|Na+,0.0085,0.0,0.0,0.0,0.0,0.0
PSI,Cl-|H+|K+,-0.011,0.0,0.0,0.0,0.0,0.0
PSI,Cl-|H+|Mg++,-0.011,0.0,0.0,0.0,0.0,0.0
PSI,Cl-|H+|Na+,-0.004,0.0,0.0,0.0,0.0,0.0
PSI,Cl-|HCO3-|Mg++,-0.096,0.0,0.0,0.0,0.0,0.0
PSI,Cl-|HCO3-|Na+,-0.00473,0.0,0.0,0.000192,0.0,0.0
PSI,Cl-|H+|HSO4-,0.013,0.0,0.0,0.0,0.0,0.0
PSI,Cl-|HSO4-|Na+,-0.006,0.0,0.0,0.0,0.0,0.0
PSI,Cl-|K+|Mg++,-0.022,-14.27,0.0,0.0,0.0,0.0
PSI,Cl-|K+|Na+,-0.0015,0.0,0.0,1.8e-05,0.0,0.0
PSI,Cl-|K+|OH-,-0.006,0.0,0.0,0.0,0.0,0.0
PSI,Cl-|K+|SO4--,-0.001,0.0,0.0,0.0,0.0,0.0
PSI,Cl-|Mg++|MgOH+,0.028,0.0,0.0,0.0,0.0,0.0
PSI,Cl-|Mg++|Na+,-0.012,-9.51,0.0,0.0,0.0,0.0
PSI,Cl-|Mg++|SO4--,-0.008,32.63,0.0,0.0,0.0,0.0
PSI,Cl-|Na+|OH-,-0.006,0.0,0.0,0.0,0.0,0.0
PSI,Cl-|Na+|SO4--,0.0,0.0,0.0,0.0,0.0,0.0
PSI,Cl-|Na+|Sr++,-0.0021,0.0,0.0,0.0,0.0,0.0
PSI,CO3--|HCO3-|K+,0.012,0.0,0.0,0.0,0.0,0.0
PSI,CO3--|HCO3-|Na+,0.002,0.0,0.0,0.0,0.0,0.0
PSI,CO3--|K+|Na+,0.003,0.0,0.0,0.0,0.0,0.0
PSI,CO3--|K+|OH-,-0.01,0.0,0.0,0.0,0.0,0.0
PSI,CO3--|K+|SO4--,-0.009,0.0,0.0,0.0,0.0,0.0
PSI,CO3--|Na+|OH-,-0.017,0.0,0.0,0.0,0.0,0.0
PSI,CO3--|Na+|SO4--,-0.005,0.0,0.0,0.0,0.0,0.0
PSI,H+|HSO4-|K+,-0.0265,0.0,0.0,0.0,0.0,0.0
PSI,H+|HSO4-|Mg++,-0.0178,0.0,0.0,0.0,0.0,0.0
PSI,H+|HSO4-|Na+,-0.0129,0.0,0.0,0.0,0.0,0.0
PSI,Br-|H+|K+,-0.021,0.0,0.0,0.0,0.0,0.0
PSI,H+|K+|SO4--,0.197,0.0,0.0,0.0,0.0,0.0
PSI,HCO3-|K+|Na+,-0.003,0.0,0.0,0.0,0.0,0.0
PSI,HCO3-|Mg++|SO4--,-0.161,0.0,0.0,0.0,0.0,0.0
PSI,HCO3-|Na+|SO4--,-0.005,0.0,0.0,0.0,0.0,0.0
PSI,HSO4-|K+|SO4--,-0.0677,0.0,0.0,0.0,0.0,0.0
PSI,HSO4-|Mg++|SO4--,-0.0425,0.0,0.0,0.0,0.0,0.0
PSI,HSO4-|Na+|SO4--,-0.0094,0.0,0.0,0.0,0.0,0.0
PSI,K+|Mg++|SO4--,-0.048,0.0,0.0,0.0,0.0,0.0
PSI,K+|Na+|SO4--,-0.01,0.0,0.0,0.0,0.0,0.0
PSI,K+|OH-|SO4--,-0.05,0.0,0.0,0.0,0.0,0.0
PSI,Mg++|Na+|SO4--,-0.015,0.0,0.0,0.0,0.0,0.0
PSI,Na+|OH-|SO4--,-0.009,0.0,0.0,0.0,0.0,0.0
